feature,importance
contract_type,0.06012066894148242
tenure_months,0.05650060069700695
internet_service,0.012262658489685418
total_charges,0.006151766181585838
online_security,0.00528828491902984
tech_support,0.0048163323393423775
monthly_charges,0.0047398799929833976
payment_method,0.003836352263287135
multiple_lines,0.002989088165110454
paperless_billing,0.00266623420894978
senior_citizen,0.0013354338422432832
streaming_movies,0.0005048833522532492
online_backup,0.0003885500200231151
gender,0.00016266808759903827
streaming_tv,0.00015836557460044976
phone_service,5.212659979005885e-05
partner,0.0
dependents,-3.839165444874393e-05
device_protection,-6.917117051536969e-05
